Model names,Accuracy,Recall,f1-score,Precision
dt_clf,0.9701082565842624,0.6824074074074075,0.7993492407809111,0.9646596858638744
gbm_clf,0.970350622071417,0.6805555555555556,0.8002177463255309,0.9709379128137384
hgbm_clf,0.970350622071417,0.6824074074074075,0.8006518196632265,0.9684625492772668
rf_clf,0.9698658910971076,0.6777777777777778,0.7969515514425695,0.9669749009247028
svc_clf,0.9611407335595411,0.6074074074074074,0.7317345231455661,0.9200561009817672
